Timestamp,SensorName,0,1,2
1411126792878743256,MPU6515 Accelerometer,-0.5704193,-0.2000885,9.668823
1411126792898457612,MPU6515 Accelerometer,-0.42045593,-0.357193,9.84021
1411126792890492524,MPU6515 Gyroscope,0.0119018555,-0.006729126,0.008392334
1411126792918141450,MPU6515 Accelerometer,-0.42997742,-0.4809723,10.211548
1411126792937855805,MPU6515 Accelerometer,-0.45854187,-0.35243225,10.037781
1411126792957539643,MPU6515 Accelerometer,-0.47044373,-0.2572174,9.706909
1411126792977223481,MPU6515 Accelerometer,-0.35380554,-0.2905426,9.702148
1411126792957142915,MPU6515 Gyroscope,0.021194458,-0.01789856,0.008224487
1411126792996937836,MPU6515 Accelerometer,-0.41331482,-0.34291077,10.049683
1411126793016621674,MPU6515 Accelerometer,-0.41093445,-0.3238678,10.104431
1411126793036305512,MPU6515 Accelerometer,-0.37760925,-0.28578186,9.806885
1411126793023793305,MPU6515 Gyroscope,-6.866455E-4,-0.0154418945,0.0013122559
1411126793056050385,MPU6515 Accelerometer,-0.32286072,-0.2905426,9.764038
1411126793075734223,MPU6515 Accelerometer,-0.4156952,-0.4309845,9.949707
1411126793095418061,MPU6515 Accelerometer,-0.40379333,-0.3905182,10.018738
1411126793090443696,MPU6515 Gyroscope,-0.0033416748,-0.007827759,-0.0019683838
1411126793115162934,MPU6515 Accelerometer,-0.33952332,-0.24769592,9.928284
1411126793134785737,MPU6515 Accelerometer,-0.36808777,-0.2572174,9.749756
1411126793154500092,MPU6515 Accelerometer,-0.45140076,-0.27388,9.864014
1411126793174214448,MPU6515 Accelerometer,-0.46092224,-0.30482483,9.961609
1411126793157094086,MPU6515 Gyroscope,0.0104522705,1.373291E-4,-0.005584717
1411126793193898286,MPU6515 Accelerometer,-0.45854187,-0.30958557,9.947327
1411126793213582124,MPU6515 Accelerometer,-0.40141296,-0.4381256,9.806885
1411126793233326997,MPU6515 Accelerometer,-0.3157196,-0.49525452,9.899719
1411126793223744477,MPU6515 Gyroscope,0.012863159,-0.018997192,-0.0070495605
1411126793253010834,MPU6515 Accelerometer,-0.40379333,-0.35481262,10.073486
1411126793272694672,MPU6515 Accelerometer,-0.50852966,-0.26911926,10.066345
1411126793292378510,MPU6515 Accelerometer,-0.49424744,-0.20722961,10.083008
1411126793312092866,MPU6515 Accelerometer,-0.7465668,-0.25959778,9.814026
1411126793290394868,MPU6515 Gyroscope,0.07872009,-0.0042877197,-0.011795044
1411126793331746186,MPU6515 Accelerometer,-0.8679657,-0.5452423,10.4210205
1411126793351460541,MPU6515 Accelerometer,-0.50138855,-0.67378235,11.296997
1411126793371174897,MPU6515 Accelerometer,-0.25621033,-0.6095123,10.768555
1411126793357045258,MPU6515 Gyroscope,0.31074524,0.091415405,0.05102539
1411126793390858735,MPU6515 Accelerometer,-0.18717957,-0.4143219,9.925903
1411126793410542573,MPU6515 Accelerometer,-0.38237,-0.32862854,9.725952
1411126793430226411,MPU6515 Accelerometer,-0.4894867,-0.16200256,10.459106
1411126793423695649,MPU6515 Gyroscope,0.8812561,0.18621826,0.113342285
1411126793449910249,MPU6515 Accelerometer,-0.7537079,0.09269714,9.230835
1411126793469624604,MPU6515 Accelerometer,-0.72276306,0.57829285,8.709534
1411126793489308442,MPU6515 Accelerometer,-0.74180603,0.925827,9.042786
1411126793509022797,MPU6515 Accelerometer,-0.2585907,1.1519623,8.895203
1411126793490346040,MPU6515 Gyroscope,1.4645233,0.14479065,0.1469574
1411126793528706635,MPU6515 Accelerometer,0.1698761,1.175766,8.242981
1411126793548420991,MPU6515 Accelerometer,0.89112854,1.0400848,7.807373
1411126793568104829,MPU6515 Accelerometer,1.0410919,1.554245,8.007324
1411126793556996430,MPU6515 Gyroscope,1.6685791,-0.27833557,-0.12808228
1411126793587819184,MPU6515 Accelerometer,-0.4394989,1.7494354,7.735962
1411126793607503022,MPU6515 Accelerometer,-0.5204315,2.3516693,8.550049
1411126793627186860,MPU6515 Accelerometer,-0.4728241,2.3326263,8.388184
1411126793623646821,MPU6515 Gyroscope,1.5899811,-0.20922852,-0.5000458
1411126793646901215,MPU6515 Accelerometer,0.3436432,2.6730194,7.4050903
1411126793666585053,MPU6515 Accelerometer,0.52693176,3.965561,6.6885986
1411126793686299409,MPU6515 Accelerometer,-0.5561371,4.66539,6.2886963
1411126793705983247,MPU6515 Accelerometer,-1.4916229,5.0867157,7.171814
1411126793690297211,MPU6515 Gyroscope,1.1990204,0.49023438,-0.3530426
1411126793725667084,MPU6515 Accelerometer,-1.5035248,4.8582,9.640259
1411126793745381440,MPU6515 Accelerometer,-0.7846527,4.3535614,10.468628
1411126793765095795,MPU6515 Accelerometer,-0.825119,4.5416107,8.371521
1411126793756947602,MPU6515 Gyroscope,0.2772827,-0.46566772,-0.666214
1411126793784779633,MPU6515 Accelerometer,-0.9488983,4.8367767,7.2003784
1411126793804463471,MPU6515 Accelerometer,-0.6299286,4.817734,7.6883545
1411126793824177827,MPU6515 Accelerometer,-0.19670105,4.805832,8.866638
1411126793843861665,MPU6515 Accelerometer,-0.42759705,5.615158,9.7473755
1411126793823597993,MPU6515 Gyroscope,-0.004470825,-0.35176086,-0.41342163
1411126793863545502,MPU6515 Accelerometer,-1.3226166,5.750839,9.604553
1411126793883259858,MPU6515 Accelerometer,-1.7748871,5.6770477,10.140137
1411126793902943696,MPU6515 Accelerometer,-1.4654388,5.05101,10.666199
1411126793890248383,MPU6515 Gyroscope,-0.5602112,-0.2335968,-0.37391663
1411126793922658051,MPU6515 Accelerometer,-0.42759705,4.582077,10.732849
1411126793942341889,MPU6515 Accelerometer,-0.40141296,4.003647,10.102051
1411126793962056245,MPU6515 Accelerometer,-0.31809998,3.7322845,10.823303
1411126793956898774,MPU6515 Gyroscope,-0.42803955,-0.21430969,-0.2447815
1411126793981740083,MPU6515 Accelerometer,-0.36332703,3.4871063,10.913757
1411126794001423920,MPU6515 Accelerometer,-0.93699646,3.9512787,9.552185
1411126794021138276,MPU6515 Accelerometer,-1.2607269,4.2155,8.4953
1411126794040822114,MPU6515 Accelerometer,-1.203598,4.3488007,8.864258
1411126794023549165,MPU6515 Gyroscope,0.029403687,-0.11529541,-0.083724976
1411126794060505952,MPU6515 Accelerometer,-0.8751068,4.1488495,9.466492
1411126794080220307,MPU6515 Accelerometer,-0.5228119,3.8536835,9.678345
1411126794099934663,MPU6515 Accelerometer,-0.3990326,3.8917694,9.402222
1411126794090199555,MPU6515 Gyroscope,0.021118164,-0.17106628,0.03640747
1411126794119618500,MPU6515 Accelerometer,-0.5561371,4.1345673,9.437927
1411126794139302338,MPU6515 Accelerometer,-1.4749603,4.08696,9.399841
1411126794159016694,MPU6515 Accelerometer,-1.3868866,3.9512787,9.278442
1411126794178700532,MPU6515 Accelerometer,-0.4156952,3.9488983,8.571472
1411126794156849946,MPU6515 Gyroscope,0.19192505,-0.05189514,-0.120391846
1411126794198384370,MPU6515 Accelerometer,-0.26335144,4.1869354,7.3931885
1411126794218098725,MPU6515 Accelerometer,-0.7275238,4.208359,7.747864
1411126794237782563,MPU6515 Accelerometer,-1.139328,4.1797943,8.8237915
1411126794223500336,MPU6515 Gyroscope,0.09577942,-0.10580444,-0.11314392
1411126794257466401,MPU6515 Accelerometer,-0.8036957,3.9060516,9.476013
1411126794277180756,MPU6515 Accelerometer,0.09370422,3.7965546,9.364136
1411126794296864594,MPU6515 Accelerometer,0.12702942,3.8346405,9.290344
1411126794290150727,MPU6515 Gyroscope,-0.14823914,-0.26731873,-0.10014343
1411126794316639985,MPU6515 Accelerometer,-0.09196472,3.7394257,9.0546875
1411126794336262788,MPU6515 Accelerometer,-0.36332703,3.7203827,8.988037
1411126794355977143,MPU6515 Accelerometer,-0.4156952,3.722763,9.204651
1411126794375660981,MPU6515 Accelerometer,-0.28715515,3.7703705,9.830688
1411126794356801118,MPU6515 Gyroscope,-0.06703186,0.26930237,0.09613037
1411126794395344819,MPU6515 Accelerometer,-0.52757263,3.8394012,9.695007
1411126794415059174,MPU6515 Accelerometer,-0.7513275,3.8394012,9.033264
1411126794434743012,MPU6515 Accelerometer,-0.63230896,3.8084564,8.87616
1411126794423451508,MPU6515 Gyroscope,-0.024734497,0.2313385,0.076690674
1411126794454457368,MPU6515 Accelerometer,-0.4894867,3.7489471,8.895203
1411126794474141206,MPU6515 Accelerometer,-0.5870819,3.5775604,8.6762085
1411126794493825043,MPU6515 Accelerometer,-0.5775604,3.522812,8.647644
1411126794490101899,MPU6515 Gyroscope,0.060516357,0.29341125,-0.024841309
1411126794513539399,MPU6515 Accelerometer,-0.27287292,3.587082,8.488159
1411126794533223237,MPU6515 Accelerometer,-0.6465912,4.056015,10.401978
1411126794552937592,MPU6515 Accelerometer,-1.415451,3.5442352,8.923767
1411126794572621430,MPU6515 Accelerometer,-0.82273865,3.8227386,8.314392
1411126794556752290,MPU6515 Gyroscope,0.029022217,0.20359802,-0.06655884
1411126794592335786,MPU6515 Accelerometer,-0.68943787,3.5323334,8.17395
1411126794612019624,MPU6515 Accelerometer,-0.6394501,4.824875,8.711914
1411126794631703461,MPU6515 Accelerometer,-0.548996,4.139328,9.309387
1411126794623402680,MPU6515 Gyroscope,0.0016174316,0.26612854,-0.056350708
1411126794651417817,MPU6515 Accelerometer,-0.7584686,3.9608002,9.226074
1411126794671101655,MPU6515 Accelerometer,-0.696579,3.548996,8.988037
1411126794690816010,MPU6515 Accelerometer,-1.0012665,3.7846527,8.726196
1411126794710499848,MPU6515 Accelerometer,-1.4701996,3.6727753,7.9073486
1411126794690053071,MPU6515 Gyroscope,-0.100616455,0.22634888,-0.1493988
1411126794730214204,MPU6515 Accelerometer,-0.95365906,3.8917694,8.219177
1411126794749867524,MPU6515 Accelerometer,-0.36332703,3.7132416,9.095154
1411126794769581879,MPU6515 Accelerometer,-0.77989197,3.5847015,9.295105
1411126794756703461,MPU6515 Gyroscope,-0.20776367,0.28848267,-0.097091675
1411126794789265717,MPU6515 Accelerometer,-1.177414,3.5394745,8.7404785
1411126794808949555,MPU6515 Accelerometer,-1.8201141,3.3109589,8.281067
1411126794828663911,MPU6515 Accelerometer,-1.6772919,3.3085785,9.021362
1411126794823353852,MPU6515 Gyroscope,-0.19146729,0.58703613,-0.1638031
1411126794848378266,MPU6515 Accelerometer,-1.1131439,3.4442596,8.680969
1411126794868062104,MPU6515 Accelerometer,-1.222641,3.0753021,9.706909
1411126794887745942,MPU6515 Accelerometer,-1.6320648,2.8610687,10.766174
1411126794907429780,MPU6515 Accelerometer,-2.4342499,2.9491425,7.2003784
1411126794890004243,MPU6515 Gyroscope,-0.25341797,0.80363464,-0.045211792
1411126794927144135,MPU6515 Accelerometer,-1.8082123,3.4490204,7.497925
1411126794946827973,MPU6515 Accelerometer,-2.6437225,3.5513763,7.474121
1411126794966549800,MPU6515 Accelerometer,-4.647995,3.4323578,7.1956177
1411126794956662104,MPU6515 Gyroscope,0.035202026,0.9260864,-0.19062805
1411126794986233637,MPU6515 Accelerometer,-2.8722382,3.0467377,8.583374
1411126795005947993,MPU6515 Accelerometer,-3.5792084,3.2276459,10.437683
1411126795025631831,MPU6515 Accelerometer,-3.762497,3.5013885,10.066345
1411126795045315669,MPU6515 Accelerometer,-4.1124115,3.1609955,8.059692
1411126795023312495,MPU6515 Gyroscope,-0.4933777,1.0735626,-0.14743042
1411126795065030024,MPU6515 Accelerometer,-3.9076996,2.875351,8.085876
1411126795084713862,MPU6515 Accelerometer,-3.2530975,2.7039642,8.62384
1411126795104397700,MPU6515 Accelerometer,-4.2933197,2.054123,9.3927
1411126795089962886,MPU6515 Gyroscope,-0.43086243,0.7835083,0.036605835
1411126795124112055,MPU6515 Accelerometer,-4.61467,3.5180511,8.333435
1411126795143795893,MPU6515 Accelerometer,-3.3506927,3.215744,7.8049927
1411126795163479731,MPU6515 Accelerometer,-2.2462006,4.1797943,5.1342163
1411126795156613276,MPU6515 Gyroscope,-0.25500488,1.1082458,0.43000793
1411126795183194087,MPU6515 Accelerometer,2.0241852,6.5815887,4.869995
1411126795202877925,MPU6515 Accelerometer,-0.9822235,4.896286,7.4836426
1411126806611890819,MPU6515 Gyroscope,-0.076553345,0.16322327,-0.0027313232
1411126806675947215,MPU6515 Accelerometer,-0.02293396,-0.100112915,9.587891
1411126806675947215,MPU6515 Gyroscope,0.031326294,0.13438416,-0.001663208
1411126806740003612,MPU6515 Gyroscope,0.07084656,0.11088562,4.7302246E-4
1411126806881971385,MPU6515 Gyroscope,-0.18211365,0.16235352,0.6960907
1411126806891920116,MPU6515 Accelerometer,-1.0393524,0.23313904,9.226074
1411126806899732616,MPU6515 Accelerometer,-1.1417084,-0.504776,9.352234
1411126806915784862,MPU6515 Accelerometer,-1.1060028,-1.2188873,9.666443
1411126806923170116,MPU6515 Accelerometer,-0.8179779,-2.0543976,10.494812
1411126806930982616,MPU6515 Accelerometer,-0.63468933,-1.8949127,10.48291
1411126806936964061,MPU6515 Accelerometer,0.21748352,-0.6047516,10.0425415
1411126806941877391,MPU6515 Accelerometer,0.036575317,0.08079529,9.083252
1411126806946607616,MPU6515 Accelerometer,-0.25382996,0.34501648,8.597656
1411126806951673533,MPU6515 Accelerometer,-0.9988861,0.8115692,9.176086
1411126806948621776,MPU6515 Gyroscope,-0.14694214,0.089904785,0.6907501
1411126806961530711,MPU6515 Accelerometer,-1.5059052,1.1614838,9.304626
1411126806966474559,MPU6515 Accelerometer,-1.7153778,0.8639374,9.737854
1411126806971387889,MPU6515 Accelerometer,-2.2604828,0.55210876,9.716431
1411126806976331737,MPU6515 Accelerometer,-2.0010223,0.12840271,10.168701
1411126806981245067,MPU6515 Accelerometer,-0.8417816,-0.09535217,12.222961
1411126806986555125,MPU6515 Accelerometer,-0.2252655,-0.035842896,13.201294
1411126806991102244,MPU6515 Accelerometer,1.0315704,-0.16438293,13.62738
1411126806996046092,MPU6515 Accelerometer,1.0720367,-0.4881134,13.263184
1411126807000959422,MPU6515 Accelerometer,1.3529205,-0.82850647,13.194153
1411126807005903270,MPU6515 Accelerometer,0.7387848,-1.1093903,11.734985
1411126807010816600,MPU6515 Accelerometer,0.3436432,-1.4569244,10.5876465
1411126807016126658,MPU6515 Accelerometer,-0.49900818,-1.6711578,8.964233
1411126807020673778,MPU6515 Accelerometer,-1.2274017,-1.9615631,7.7597656
1411126807015272166,MPU6515 Gyroscope,-0.43936157,0.33502197,0.85824585
1411126807025587108,MPU6515 Accelerometer,-1.5939789,-2.094864,6.8480835
1411126807030530955,MPU6515 Accelerometer,-1.9438934,-1.640213,6.350586
1411126807035444285,MPU6515 Accelerometer,-2.1105194,-1.1022491,6.44104
1411126807040357616,MPU6515 Accelerometer,-2.1343231,-0.65711975,6.967102
1411126807045667674,MPU6515 Accelerometer,-2.3104706,-0.3476715,7.678833
1411126807050245311,MPU6515 Accelerometer,-2.81987,-0.3476715,8.473877
1411126807055128123,MPU6515 Accelerometer,-3.519699,-0.3809967,9.449829
1411126807060071971,MPU6515 Accelerometer,-4.2219086,-0.4309845,10.694763
1411126807064985301,MPU6515 Accelerometer,-4.602768,-0.57380676,11.863525
1411126807069898631,MPU6515 Accelerometer,-4.6313324,-0.69758606,13.389343
1411126807075208690,MPU6515 Accelerometer,-3.8029633,-1.0998688,14.824707
1411126807079755809,MPU6515 Accelerometer,-2.2604828,-1.3307648,15.881592
1411126807084699657,MPU6515 Accelerometer,-0.8346405,-1.1950836,16.519531
1411126807081922557,MPU6515 Gyroscope,-0.8655243,-0.041641235,0.76831055
1411126807089612987,MPU6515 Accelerometer,0.0627594,-1.0736847,16.667114
1411126807094526317,MPU6515 Accelerometer,0.31507874,-1.030838,16.269592
1411126807099439647,MPU6515 Accelerometer,-0.020553589,-0.9998932,15.7578125
1411126807104749705,MPU6515 Accelerometer,-0.56803894,-0.91181946,14.639038
1411126807109296824,MPU6515 Accelerometer,-1.241684,-0.9141998,13.334595
1411126807114240672,MPU6515 Accelerometer,-1.9510345,-0.93800354,12.137268
1411126807119154002,MPU6515 Accelerometer,-2.6508636,-0.9141998,11.108948
1411126807124067332,MPU6515 Accelerometer,-3.3364105,-0.9189606,10.144897
1411126807129011180,MPU6515 Accelerometer,-3.8672333,-1.0141754,9.449829
1411126807134321239,MPU6515 Accelerometer,-4.2599945,-0.95466614,8.928528
1411126807138868358,MPU6515 Accelerometer,-4.7598724,-0.66664124,8.852356
1411126807143781688,MPU6515 Accelerometer,-4.557541,-0.5452423,8.578613
1411126807148695018,MPU6515 Accelerometer,-4.5361176,-0.22865295,8.985657
1411126807153608348,MPU6515 Accelerometer,-4.6837006,-0.031082153,9.628357
1411126807148572948,MPU6515 Gyroscope,0.23574829,0.6862335,0.97554016
1411126807158521678,MPU6515 Accelerometer,-4.7360687,0.02128601,10.313904
1411126807163831737,MPU6515 Accelerometer,-4.5051727,-0.102493286,11.12561
1411126807168409373,MPU6515 Accelerometer,-4.0362396,-0.17628479,11.939697
1411126807173322703,MPU6515 Accelerometer,-3.4720917,-0.19294739,12.701416
1411126807178236033,MPU6515 Accelerometer,-2.7794037,-0.27388,13.234619
1411126807183179881,MPU6515 Accelerometer,-2.0724335,-0.23817444,13.601196
1411126807188093211,MPU6515 Accelerometer,-1.6868134,-0.22389221,13.641663
1411126807193403270,MPU6515 Accelerometer,-1.5201874,-0.27149963,13.353638
1411126807197950389,MPU6515 Accelerometer,-1.4202118,-0.11439514,13.160828
1411126807202863719,MPU6515 Accelerometer,-1.8224945,-0.3643341,12.8585205
1411126807207777049,MPU6515 Accelerometer,-2.2414398,-0.4714508,12.544312
1411126807212720897,MPU6515 Accelerometer,-2.8222504,-0.24769592,12.042053
1411126807217634227,MPU6515 Accelerometer,-3.2483368,-0.0929718,11.4279175
1411126807215223338,MPU6515 Gyroscope,-0.0015106201,-0.009628296,1.7910156
1411126807222944285,MPU6515 Accelerometer,-3.5887299,0.023666382,10.86615
1411126807227491405,MPU6515 Accelerometer,-3.8743744,0.1783905,10.5448
1411126807232496287,MPU6515 Accelerometer,-3.9838715,0.15458679,10.523376
1411126807235670116,MPU6515 Accelerometer,-3.9076996,0.049850464,10.773315
1411126807242261912,MPU6515 Accelerometer,-3.9076996,-0.08583069,10.9470825
1411126807247205760,MPU6515 Accelerometer,-3.7315521,-0.17866516,11.118469
1411126807251295116,MPU6515 Accelerometer,-3.5934906,-0.16914368,11.194641
1411126807257032420,MPU6515 Accelerometer,-3.595871,-0.06916809,10.989929
1411126807261976268,MPU6515 Accelerometer,-3.6196747,-0.04774475,10.478149
1411126807266920116,MPU6515 Accelerometer,-3.7410736,-0.038223267,9.892578
1411126807271802928,MPU6515 Accelerometer,-3.7577362,0.03794861,9.523621
1411126807276716258,MPU6515 Accelerometer,-3.4006805,0.19267273,9.395081
1411126807282026317,MPU6515 Accelerometer,-2.6841888,0.4497528,9.740234
1411126807286573436,MPU6515 Accelerometer,-1.8748627,0.6973114,10.35437
1411126807281873729,MPU6515 Gyroscope,0.06430054,-0.8067932,2.3092194
1411126807291517283,MPU6515 Accelerometer,-1.2488251,0.7211151,10.970886
1411126807296400096,MPU6515 Accelerometer,-1.0393524,0.5973358,11.335083
1411126807301343944,MPU6515 Accelerometer,-1.0679169,0.5592499,11.596924
1411126807306257274,MPU6515 Accelerometer,-1.2559662,0.5497284,11.477905
1411126807311567332,MPU6515 Accelerometer,-1.5249481,0.52116394,11.387451
1411126807316144969,MPU6515 Accelerometer,-1.7344208,0.44499207,11.351746
1411126807321058299,MPU6515 Accelerometer,-1.8534393,0.4497528,11.132751
1411126807326002147,MPU6515 Accelerometer,-1.9843597,0.30693054,11.020874
1411126807330915477,MPU6515 Accelerometer,-2.229538,0.14982605,10.789978
1411126807335828807,MPU6515 Accelerometer,-2.4818573,-0.052505493,10.437683
1411126807341138866,MPU6515 Accelerometer,-2.8531952,-0.24293518,10.03064
1411126807345685985,MPU6515 Accelerometer,-3.057907,-0.27388,9.537903
1411126807350599315,MPU6515 Accelerometer,-3.1459808,-0.102493286,9.107056
1411126807355512645,MPU6515 Accelerometer,-3.172165,-0.102493286,8.74762
1411126807348524119,MPU6515 Gyroscope,-0.11323547,-1.375946,2.9570923
1411126807360456492,MPU6515 Accelerometer,-3.2578583,-0.2167511,8.36438
1411126807365369823,MPU6515 Accelerometer,-3.198349,-0.30244446,7.9978027
1411126807370679881,MPU6515 Accelerometer,-3.1174164,-0.4547882,7.8311768
1411126807375227000,MPU6515 Accelerometer,-2.8508148,-0.50001526,7.645508
1411126807380140330,MPU6515 Accelerometer,-2.543747,-0.58332825,7.516968
1411126807385084178,MPU6515 Accelerometer,-2.2628632,-0.6928253,7.3432007
1411126807389997508,MPU6515 Accelerometer,-2.153366,-0.7832794,7.1694336
1411126807394910838,MPU6515 Accelerometer,-1.7629852,-0.7094879,7.2146606
1411126807400220897,MPU6515 Accelerometer,-1.120285,-0.7594757,7.436035
1411126807404798533,MPU6515 Accelerometer,-0.32762146,-0.92134094,7.7026367
1411126807409711864,MPU6515 Accelerometer,0.6578522,-0.9737091,8.097778
1411126807414625194,MPU6515 Accelerometer,1.7885284,-0.87849426,8.469116
1411126807419569041,MPU6515 Accelerometer,2.8454132,-0.7594757,8.642883
1411126807415174510,MPU6515 Gyroscope,-0.2238617,-1.0692749,3.5651398
1411126807424482371,MPU6515 Accelerometer,3.59523,-0.7618561,8.790466
1411126807429792430,MPU6515 Accelerometer,4.064163,-0.9141998,8.504822
1411126807434339549,MPU6515 Accelerometer,4.2403107,-0.9760895,8.097778
1411126807439252879,MPU6515 Accelerometer,4.076065,-0.94514465,7.678833
1411126807444166209,MPU6515 Accelerometer,3.5785675,-0.9641876,7.395569
1411126807449079539,MPU6515 Accelerometer,3.0168,-1.1260529,7.2979736
1411126807454023387,MPU6515 Accelerometer,2.5669098,-1.4116974,7.205139
1411126807459333446,MPU6515 Accelerometer,2.0884552,-1.5188141,7.3931885
1411126807463880565,MPU6515 Accelerometer,1.4886017,-1.7473297,7.7026367
1411126807468793895,MPU6515 Accelerometer,1.0458527,-2.063919,7.966858
1411126807473707225,MPU6515 Accelerometer,0.5626373,-2.4471588,8.340576
1411126807478651073,MPU6515 Accelerometer,0.31507874,-2.499527,8.457214
1411126807483564403,MPU6515 Accelerometer,0.053237915,-2.5304718,8.535767
1411126807488874461,MPU6515 Accelerometer,-0.28953552,-2.83992,8.783325
1411126807481824901,MPU6515 Gyroscope,-0.39826965,-0.7341156,2.7962952
1411126807493421580,MPU6515 Accelerometer,-0.48234558,-3.0279694,8.716675
1411126807498334910,MPU6515 Accelerometer,-0.2752533,-2.942276,8.552429
1411126807503278758,MPU6515 Accelerometer,0.005630493,-2.9256134,8.264404
1411126807508192088,MPU6515 Accelerometer,0.2936554,-3.0612946,8.050171
1411126807513105418,MPU6515 Accelerometer,0.54597473,-3.365982,7.8430786
1411126807518415477,MPU6515 Accelerometer,0.8220978,-3.5611725,7.59552
1411126807522993114,MPU6515 Accelerometer,1.2196198,-3.5849762,7.2527466
1411126807527906444,MPU6515 Accelerometer,1.490982,-3.5635529,7.0670776
1411126807532880809,MPU6515 Accelerometer,1.7909088,-3.5730743,6.7790527
1411126807537733104,MPU6515 Accelerometer,2.1789093,-3.6183014,6.581482
1411126807542646434,MPU6515 Accelerometer,2.395523,-3.6754303,6.5862427
1411126807547987010,MPU6515 Accelerometer,2.6859283,-3.7611237,6.8742676
1411126807552503612,MPU6515 Accelerometer,2.978714,-3.6587677,7.2313232
1411126807548475291,MPU6515 Gyroscope,-0.043502808,-0.22434998,2.447342
1411126807557447459,MPU6515 Accelerometer,3.40242,-3.577835,7.807373
1411126807562360789,MPU6515 Accelerometer,3.7047272,-3.4992828,8.371521
1411126807567274119,MPU6515 Accelerometer,3.9141998,-3.4969025,8.94043
1411126807572217967,MPU6515 Accelerometer,3.8237457,-3.532608,9.242737
1411126807577497508,MPU6515 Accelerometer,3.7785187,-3.634964,9.435547
1411126807582044627,MPU6515 Accelerometer,3.5214386,-3.6492462,9.478394
1411126807586988475,MPU6515 Accelerometer,3.133438,-3.5373688,9.442688
1411126807591901805,MPU6515 Accelerometer,2.721634,-3.4064484,9.321289
1411126807596845653,MPU6515 Accelerometer,2.3360138,-3.4588165,9.097534
1411126807601758983,MPU6515 Accelerometer,1.8980255,-3.5611725,8.7595215
1411126807607069041,MPU6515 Accelerometer,1.5647736,-3.4635773,8.357239
1411126807611616160,MPU6515 Accelerometer,1.1910553,-3.4064484,8.028748
1411126807616560008,MPU6515 Accelerometer,0.7768707,-3.4088287,7.883545
1411126807621473338,MPU6515 Accelerometer,0.32460022,-3.4540558,7.774048
1411126807615125682,MPU6515 Gyroscope,-0.04815674,-0.32133484,1.4664612
1411126807626386668,MPU6515 Accelerometer,-0.099105835,-3.5088043,7.819275
1411126807631299998,MPU6515 Accelerometer,-0.2086029,-3.5183258,7.9525757
1411126807636610057,MPU6515 Accelerometer,-0.099105835,-3.5635529,8.390564
1411126807641157176,MPU6515 Accelerometer,0.074661255,-3.6302032,8.666687
1411126807646070506,MPU6515 Accelerometer,0.19606018,-3.6135406,9.026123
1411126807651044871,MPU6515 Accelerometer,0.005630493,-3.4064484,9.39032
1411126807655927684,MPU6515 Accelerometer,-0.013412476,-3.1374664,9.587891
1411126807660841014,MPU6515 Accelerometer,0.072280884,-2.8946686,9.654541
1411126807666151073,MPU6515 Accelerometer,0.22938538,-2.7732697,9.552185
1411126807670698192,MPU6515 Accelerometer,0.3507843,-2.6590118,9.604553
1411126807675611522,MPU6515 Accelerometer,0.51026917,-2.51857,9.509338
1411126807680555369,MPU6515 Accelerometer,0.5578766,-2.4257355,9.383179
1411126807685468699,MPU6515 Accelerometer,0.4412384,-2.223404,9.13562
1411126807681776073,MPU6515 Gyroscope,0.22584534,-0.23123169,0.8121643
1411126807690382030,MPU6515 Accelerometer,0.29841614,-1.9639435,9.011841
1411126807695692088,MPU6515 Accelerometer,0.012771606,-1.8544464,8.845215
1411126807700269725,MPU6515 Accelerometer,-0.27287292,-1.8235016,8.797607
1411126807705183055,MPU6515 Accelerometer,-0.5870819,-1.8568268,8.773804
1411126807710096385,MPU6515 Accelerometer,-0.96318054,-1.8092194,8.911865
1411126807715009715,MPU6515 Accelerometer,-1.222641,-1.7925568,8.999939
1411126807719923045,MPU6515 Accelerometer,-1.3345184,-1.742569,9.216553
1411126807725233104,MPU6515 Accelerometer,-1.4273529,-1.8163605,9.347473
1411126807729780223,MPU6515 Accelerometer,-1.3987885,-1.8592072,9.592651
1411126807734724071,MPU6515 Accelerometer,-1.1559906,-1.7830353,9.6474
1411126807739637401,MPU6515 Accelerometer,-0.7180023,-1.7068634,9.671204
1411126807744550731,MPU6515 Accelerometer,-0.28477478,-1.6902008,9.347473
1411126807749464061,MPU6515 Accelerometer,0.10322571,-1.5569,9.00708
1411126807754774119,MPU6515 Accelerometer,0.39363098,-1.345047,8.630981
1411126807748426463,MPU6515 Gyroscope,0.7015228,0.31837463,0.56378174
1411126807759321239,MPU6515 Accelerometer,0.6816559,-1.2331696,8.262024
1411126807764265086,MPU6515 Accelerometer,0.9458771,-1.1117706,7.9501953
1411126807769178416,MPU6515 Accelerometer,1.3076935,-0.902298,7.583618
1411126807774091746,MPU6515 Accelerometer,2.2193756,-0.4714508,6.921875
1411126807779035594,MPU6515 Accelerometer,3.376236,-0.29292297,6.331543
1411126807784315135,MPU6515 Accelerometer,3.4071808,-0.7594757,6.788574
1411126807788862254,MPU6515 Accelerometer,3.5214386,-0.6595001,7.4241333
1411126807793775584,MPU6515 Accelerometer,3.773758,-0.48573303,8.138245
1411126807798719432,MPU6515 Accelerometer,3.6356964,-0.51667786,8.914246
1411126807803632762,MPU6515 Accelerometer,3.1786652,-0.5190582,9.342712
1411126807808576610,MPU6515 Accelerometer,2.5573883,-0.55000305,9.428406
1411126807813856151,MPU6515 Accelerometer,1.9004059,-0.5857086,9.423645
1411126807818433787,MPU6515 Accelerometer,1.2910309,-0.66664124,9.228455
1411126807815076854,MPU6515 Gyroscope,0.6163025,0.3196411,0.29960632
1411126807823347117,MPU6515 Accelerometer,0.51026917,-0.8261261,8.902344
1411126807828290965,MPU6515 Accelerometer,-0.7751312,-0.7594757,7.7859497
1411126807833265330,MPU6515 Accelerometer,-1.1940765,-0.7428131,6.7838135
1411126807838148143,MPU6515 Accelerometer,-0.9346161,-0.65711975,7.4193726
1411126807843397166,MPU6515 Accelerometer,-1.2654877,-0.9237213,8.340576
1411126807847974803,MPU6515 Accelerometer,-1.4582977,-0.92134094,8.7404785
1411126807852888133,MPU6515 Accelerometer,-1.0345917,-0.7118683,8.514343
1411126807857801463,MPU6515 Accelerometer,-0.24430847,-0.53334045,8.17157
1411126807862745311,MPU6515 Accelerometer,0.003250122,-0.35005188,8.416748
1411126807867658641,MPU6515 Accelerometer,-0.10386658,-0.5190582,9.028503
1411126807872968699,MPU6515 Accelerometer,-0.18717957,-0.69996643,9.449829
1411126807877515819,MPU6515 Accelerometer,-0.19432068,-0.69758606,9.816406
1411126807882429149,MPU6515 Accelerometer,-0.21098328,-0.6428375,10.206787
1411126807887372996,MPU6515 Accelerometer,-0.24430847,-0.7190094,10.41626
1411126807881727244,MPU6515 Gyroscope,-0.01689148,0.04032898,0.03074646
1411126807892286326,MPU6515 Accelerometer,-0.23002625,-0.80708313,10.532898
1411126807897199657,MPU6515 Accelerometer,-0.3728485,-0.80470276,10.478149
1411126807902509715,MPU6515 Accelerometer,-0.46806335,-0.7594757,10.335327
1411126807907056834,MPU6515 Accelerometer,-0.45140076,-0.67378235,9.752136
1411126807912000682,MPU6515 Accelerometer,-0.3895111,-0.60713196,9.076111
1411126807916914012,MPU6515 Accelerometer,-0.26811218,-0.5452423,8.81665
1411126807921827342,MPU6515 Accelerometer,8.69751E-4,-0.44526672,8.959473
1411126807926740672,MPU6515 Accelerometer,0.2032013,-0.42384338,9.383179
1411126807932050731,MPU6515 Accelerometer,0.39839172,-0.45954895,9.868774
1411126807936597850,MPU6515 Accelerometer,0.541214,-0.41908264,10.218689
1411126807941511180,MPU6515 Accelerometer,0.6649933,-0.4143219,10.447205
1411126807946424510,MPU6515 Accelerometer,0.61976624,-0.39289856,10.497192
1411126807951368358,MPU6515 Accelerometer,0.32460022,-0.43336487,10.501953
1411126807948377635,MPU6515 Gyroscope,0.00894165,0.394989,0.14233398
1411126807956281688,MPU6515 Accelerometer,0.16511536,-0.38575745,10.640015
1411126807961591746,MPU6515 Accelerometer,0.005630493,-0.42384338,10.635254
1411126807966138866,MPU6515 Accelerometer,-0.16575623,-0.52619934,10.830444
1411126807971082713,MPU6515 Accelerometer,-0.2086029,-0.5809479,10.811401
1411126807975996043,MPU6515 Accelerometer,-0.39189148,-0.7451935,10.585266
1411126807980909373,MPU6515 Accelerometer,-0.4966278,-0.78089905,10.297241
1411126807985822703,MPU6515 Accelerometer,-0.30381775,-0.8689728,10.385315
1411126807991132762,MPU6515 Accelerometer,0.13179016,-1.0760651,10.509094
1411126807995679881,MPU6515 Accelerometer,0.5483551,-1.29982,10.466248
1411126808000623729,MPU6515 Accelerometer,1.0720367,-1.2474518,10.330566
1411126808005537059,MPU6515 Accelerometer,1.4195709,-1.242691,10.078247
1411126808010450389,MPU6515 Accelerometer,1.6528473,-1.2569733,9.7283325
1411126808015363719,MPU6515 Accelerometer,1.5957184,-1.3712311,9.733093
1411126808020673778,MPU6515 Accelerometer,1.5647736,-1.3521881,9.790222
1411126808015028026,MPU6515 Gyroscope,0.016525269,0.117767334,0.16363525
1411126808025220897,MPU6515 Accelerometer,1.4957428,-1.3355255,9.994934
1411126808030164744,MPU6515 Accelerometer,1.6385651,-1.3188629,10.216309
1411126808035078074,MPU6515 Accelerometer,1.6933136,-1.3093414,10.5686035
1411126808039991405,MPU6515 Accelerometer,1.3362579,-1.2641144,10.637634
1411126808044904735,MPU6515 Accelerometer,0.76020813,-1.0998688,10.654297
1411126808050214793,MPU6515 Accelerometer,0.37696838,-0.98561096,10.340088
1411126808054761912,MPU6515 Accelerometer,0.1365509,-0.8737335,10.254395
1411126808059675242,MPU6515 Accelerometer,0.27223206,-0.45002747,9.880676
1411126808064588573,MPU6515 Accelerometer,0.19367981,-0.3000641,9.84259
1411126808069532420,MPU6515 Accelerometer,0.16273499,-0.4309845,9.761658
1411126808074445750,MPU6515 Accelerometer,0.26985168,-0.67378235,9.90686
1411126808079755809,MPU6515 Accelerometer,0.29603577,-0.83802795,10.171082
1411126808084302928,MPU6515 Accelerometer,0.30793762,-0.8665924,10.373413
1411126808081678416,MPU6515 Gyroscope,-0.17803955,-0.010177612,0.29641724
1411126808089246776,MPU6515 Accelerometer,0.10084534,-0.8523102,10.48053
1411126808094160106,MPU6515 Accelerometer,-0.09196472,-0.902298,10.532898
1411126808099073436,MPU6515 Accelerometer,-0.19194031,-0.9808502,10.5043335
1411126808103986766,MPU6515 Accelerometer,0.024673462,-0.9760895,10.401978
1411126808109327342,MPU6515 Accelerometer,0.32221985,-0.9975128,10.449585
1411126808113843944,MPU6515 Accelerometer,0.6816559,-1.0760651,10.718567
1411126808118787791,MPU6515 Accelerometer,0.9173126,-1.1855621,11.008972
1411126808123701121,MPU6515 Accelerometer,1.0434723,-1.2855377,11.075623
1411126808128614451,MPU6515 Accelerometer,0.9101715,-1.2260284,10.837585
1411126808133619334,MPU6515 Accelerometer,0.855423,-1.1474762,10.540039
1411126808138837840,MPU6515 Accelerometer,1.1006012,-0.9903717,9.90448
1411126808143384959,MPU6515 Accelerometer,1.4386139,-0.9141998,9.230835
1411126808148298289,MPU6515 Accelerometer,1.252945,-0.8356476,8.564331
1411126808153242137,MPU6515 Accelerometer,0.39839172,-0.80708313,8.2977295
1411126808148328807,MPU6515 Gyroscope,0.010025024,-0.019042969,0.41444397
1411126808158155467,MPU6515 Accelerometer,-0.6227875,-0.5619049,8.145386
1411126808163099315,MPU6515 Accelerometer,-1.1012421,-0.3143463,8.202515
1411126808168378856,MPU6515 Accelerometer,-0.9750824,-0.30244446,8.533386
1411126808172925975,MPU6515 Accelerometer,-0.49900818,-0.3905182,9.316528
1411126808177869823,MPU6515 Accelerometer,-0.0015106201,-0.5714264,9.866394
1411126808182783153,MPU6515 Accelerometer,0.310318,-0.8594513,10.323425
1411126808187696483,MPU6515 Accelerometer,0.22938538,-1.1450958,10.525757
1411126808192640330,MPU6515 Accelerometer,0.23890686,-1.2117462,10.756653
1411126808197950389,MPU6515 Accelerometer,0.35554504,-1.1046295,10.780457
1411126808202497508,MPU6515 Accelerometer,0.5650177,-0.8927765,10.180603
1411126808207410838,MPU6515 Accelerometer,0.9934845,-1.0094147,11.006592
1411126808212324168,MPU6515 Accelerometer,1.086319,-1.1212921,10.958984
1411126808217268016,MPU6515 Accelerometer,0.9696808,-1.2093658,10.728088
1411126808222181346,MPU6515 Accelerometer,0.8530426,-1.1950836,10.090149
1411126808214979198,MPU6515 Gyroscope,-0.06150818,-0.36863708,0.47505188
1411126808227460887,MPU6515 Accelerometer,0.89826965,-0.96894836,9.545044
1411126808232038524,MPU6515 Accelerometer,0.8935089,-0.8118439,9.154663
1411126808236951854,MPU6515 Accelerometer,0.71736145,-0.7666168,8.902344
1411126808241895701,MPU6515 Accelerometer,0.4079132,-0.65711975,8.854736
1411126808246809032,MPU6515 Accelerometer,0.3007965,-0.5857086,9.00708
1411126808251722362,MPU6515 Accelerometer,-0.18955994,-0.6618805,9.311768
1411126808257032420,MPU6515 Accelerometer,-0.56565857,-0.6785431,9.161804
1411126808261579539,MPU6515 Accelerometer,-0.47044373,-0.56666565,9.273682
1411126808266492869,MPU6515 Accelerometer,-0.2752533,-0.4071808,9.625977
1411126808271436717,MPU6515 Accelerometer,-0.09434509,-0.36671448,9.940186
1411126808276350047,MPU6515 Accelerometer,-0.11338806,-0.5857086,10.323425
1411126808281263377,MPU6515 Accelerometer,-0.18955994,-0.61665344,10.537659
1411126808286573436,MPU6515 Accelerometer,-0.2419281,-0.46669006,10.816162
1411126808281629588,MPU6515 Gyroscope,0.08287048,-0.38285828,0.32040405
1411126808291120555,MPU6515 Accelerometer,-0.058639526,-0.3000641,10.880432
1411126808296033885,MPU6515 Accelerometer,0.01991272,-0.41670227,10.942322
1411126808300977733,MPU6515 Accelerometer,0.22462463,-0.43574524,10.573364
1411126808305891063,MPU6515 Accelerometer,0.39839172,-0.30482483,10.406738
1411126808310804393,MPU6515 Accelerometer,0.48884583,-0.2667389,10.092529
1411126808316114451,MPU6515 Accelerometer,0.6554718,-0.11677551,9.637878
1411126808320661571,MPU6515 Accelerometer,0.62690735,-0.019180298,9.616455
1411126808325574901,MPU6515 Accelerometer,0.7863922,0.16648865,9.504578
1411126808330518748,MPU6515 Accelerometer,0.85066223,0.20219421,9.942566
1411126808335432078,MPU6515 Accelerometer,0.88160706,0.12840271,10.154419
1411126808340345408,MPU6515 Accelerometer,0.9673004,-0.04298401,10.41626
1411126808345655467,MPU6515 Accelerometer,0.9506378,-0.08821106,10.654297
1411126808350202586,MPU6515 Accelerometer,0.7483063,-0.121536255,10.699524
1411126808355146434,MPU6515 Accelerometer,0.49598694,-0.10487366,10.485291
1411126808348279979,MPU6515 Gyroscope,0.25994873,-0.19563293,0.30523682
1411126808360059764,MPU6515 Accelerometer,0.3436432,-0.19532776,10.22345
1411126808364973094,MPU6515 Accelerometer,0.30555725,-0.24531555,9.849731
1411126808369886424,MPU6515 Accelerometer,0.2674713,-0.15962219,9.961609
1411126808375196483,MPU6515 Accelerometer,0.12226868,-0.040603638,9.942566
1411126808379774119,MPU6515 Accelerometer,0.031814575,0.116500854,9.566467
1411126808384687449,MPU6515 Accelerometer,0.012771606,0.3021698,9.471252
1411126808389600780,MPU6515 Accelerometer,0.16511536,0.40690613,9.414124
1411126808394514110,MPU6515 Accelerometer,0.46028137,0.34977722,9.276062
1411126808399427440,MPU6515 Accelerometer,0.855423,0.2117157,9.059448
1411126808404768016,MPU6515 Accelerometer,1.0958405,-0.0025177002,9.868774
1411126808409315135,MPU6515 Accelerometer,1.2196198,0.13078308,9.354614
1411126808414228465,MPU6515 Accelerometer,1.3576813,0.25694275,8.995178
1411126808419202830,MPU6515 Accelerometer,1.6504669,0.21647644,9.097534
1411126808414930369,MPU6515 Gyroscope,0.4055481,-0.097976685,-0.10925293
1411126808424085643,MPU6515 Accelerometer,1.8147125,0.076034546,9.547424
1411126808428998973,MPU6515 Accelerometer,1.6004791,-0.10725403,10.237732
1411126808434370067,MPU6515 Accelerometer,1.3505402,-0.121536255,10.444824
1411126808438856151,MPU6515 Accelerometer,1.1244049,0.06413269,10.520996
1411126808443769481,MPU6515 Accelerometer,0.9911041,0.06413269,10.551941
1411126808448682811,MPU6515 Accelerometer,0.82447815,-0.019180298,10.535278
1411126808453626658,MPU6515 Accelerometer,0.5007477,0.05937195,10.444824
1411126808458539989,MPU6515 Accelerometer,0.19129944,0.252182,10.168701
1411126808463819530,MPU6515 Accelerometer,0.14369202,0.41404724,9.961609
1411126808468397166,MPU6515 Accelerometer,-0.0062713623,0.14268494,9.771179
1411126808473310496,MPU6515 Accelerometer,-0.25621033,-0.14772034,9.58551
1411126808478254344,MPU6515 Accelerometer,-0.17289734,-0.19770813,9.387939
1411126808483167674,MPU6515 Accelerometer,-0.06340027,-0.10487366,9.537903
1411126808488081004,MPU6515 Accelerometer,0.1865387,-0.076309204,9.635498
1411126808481580760,MPU6515 Gyroscope,0.34545898,-0.45046997,-0.23130798
1411126808493391063,MPU6515 Accelerometer,0.26985168,-0.2667389,10.132996
1411126808497938182,MPU6515 Accelerometer,0.37220764,-0.45002747,10.454346
1411126808502882030,MPU6515 Accelerometer,0.25794983,-0.56666565,10.585266
1411126808507795360,MPU6515 Accelerometer,0.003250122,-0.5357208,10.620972
1411126808512708690,MPU6515 Accelerometer,-0.24906921,-0.4476471,10.711426
1411126808517622020,MPU6515 Accelerometer,-0.20622253,-0.15248108,10.578125
1411126808522962596,MPU6515 Accelerometer,-0.2585907,-0.102493286,10.363892
1411126808527479198,MPU6515 Accelerometer,-0.28477478,-0.2334137,9.921143
1411126808532392528,MPU6515 Accelerometer,-0.43711853,-0.13581848,9.545044
1411126808537366893,MPU6515 Accelerometer,-0.6442108,0.016525269,9.468872
1411126808542249705,MPU6515 Accelerometer,-0.37998962,0.18077087,9.378418
1411126808547163035,MPU6515 Accelerometer,0.22938538,0.16410828,9.192749
1411126808552473094,MPU6515 Accelerometer,0.4174347,0.31169128,9.378418
1411126808548231151,MPU6515 Gyroscope,-0.4308777,0.937088,-0.33296204
1411126808557020213,MPU6515 Accelerometer,0.5673981,1.3400116,10.492432
1411126808561933543,MPU6515 Accelerometer,3.281021,3.4799652,10.530518
1411126808566877391,MPU6515 Accelerometer,2.959671,2.8444061,8.019226
1411126808571790721,MPU6515 Accelerometer,-0.9441376,0.4664154,6.6957397
1411126808576704051,MPU6515 Accelerometer,-1.8867645,0.054611206,6.9432983
1411126808582044627,MPU6515 Accelerometer,-0.0038909912,1.259079,7.9835205
1411126808586561229,MPU6515 Accelerometer,0.9601593,1.9874725,9.671204
1411126808591505076,MPU6515 Accelerometer,0.5888214,1.6399384,10.806641
1411126808596418407,MPU6515 Accelerometer,0.34126282,0.98295593,11.130371
1411126808601331737,MPU6515 Accelerometer,0.33174133,0.7949066,11.25177
1411126808606275584,MPU6515 Accelerometer,0.3269806,1.1638641,11.285095
1411126808611585643,MPU6515 Accelerometer,0.2436676,1.5066376,11.035156
1411126808616163280,MPU6515 Accelerometer,0.096084595,1.4352264,10.873291
1411126808621046092,MPU6515 Accelerometer,-0.015792847,1.13768,10.680481
1411126808614881541,MPU6515 Gyroscope,0.084472656,-0.14741516,-0.0756073
1411126808625989940,MPU6515 Accelerometer,-0.2252655,0.94010925,10.549561
1411126808630903270,MPU6515 Accelerometer,-0.5394745,0.81632996,10.147278
1411126808635816600,MPU6515 Accelerometer,-0.844162,0.79252625,9.749756
1411126808641126658,MPU6515 Accelerometer,-0.9679413,0.8044281,9.506958
1411126808645673778,MPU6515 Accelerometer,-1.0179291,0.6711273,9.290344
1411126808650587108,MPU6515 Accelerometer,-0.91319275,0.49736023,9.0546875
1411126808655530955,MPU6515 Accelerometer,-0.65849304,0.42356873,8.840454
1411126808660444285,MPU6515 Accelerometer,-0.62516785,0.18553162,8.661926
1411126808665357616,MPU6515 Accelerometer,-0.8679657,-0.07154846,8.3619995
1411126808670698192,MPU6515 Accelerometer,-0.8917694,-0.2500763,8.402466
1411126808675245311,MPU6515 Accelerometer,-0.56803894,-0.35005188,8.466736
1411126808680158641,MPU6515 Accelerometer,-0.18003845,-0.40003967,8.578613
1411126808685071971,MPU6515 Accelerometer,-0.015792847,-0.59046936,8.838074
1411126808681531932,MPU6515 Gyroscope,-0.06425476,0.470047,-0.17372131
1411126808690015819,MPU6515 Accelerometer,0.22462463,-0.8356476,9.1380005
1411126808694929149,MPU6515 Accelerometer,0.5578766,-1.0879669,9.58551
1411126808700239207,MPU6515 Accelerometer,0.86494446,-1.1641388,9.954468
1411126808704755809,MPU6515 Accelerometer,0.89826965,-1.3283844,9.885437
1411126808709699657,MPU6515 Accelerometer,0.72688293,-1.306961,10.092529
1411126808714643504,MPU6515 Accelerometer,-0.95365906,-2.2829132,9.740234
1411126808719556834,MPU6515 Accelerometer,-0.6941986,-2.673294,8.802368
1411126808724470164,MPU6515 Accelerometer,-0.16337585,-2.3805084,7.9573364
1411126808729780223,MPU6515 Accelerometer,0.32221985,-2.268631,8.409607
1411126808734388377,MPU6515 Accelerometer,1.8028107,-1.3022003,9.035645
1411126808739271190,MPU6515 Accelerometer,3.561905,-0.3643341,8.985657
1411126808744154002,MPU6515 Accelerometer,4.147476,-0.15248108,8.845215
1411126808749097850,MPU6515 Accelerometer,3.8118439,-0.50239563,8.30249
1411126808754041698,MPU6515 Accelerometer,2.4407501,-1.1760406,8.026367
1411126808748182323,MPU6515 Gyroscope,-0.5188141,0.94718933,-0.05619812
1411126808759321239,MPU6515 Accelerometer,1.1910553,-1.4116974,8.147766
1411126808763868358,MPU6515 Accelerometer,0.31507874,-1.3831329,8.007324
1411126808768812205,MPU6515 Accelerometer,-0.36808777,-1.2688751,8.188232
1411126808773725535,MPU6515 Accelerometer,-0.9322357,-1.2950592,8.550049
1411126808778669383,MPU6515 Accelerometer,-1.2250214,-1.2664948,9.1380005
1411126808783582713,MPU6515 Accelerometer,-1.3559418,-1.3736115,9.849731
1411126808788892772,MPU6515 Accelerometer,-1.2083588,-1.4212189,10.371033
1411126808793409373,MPU6515 Accelerometer,-1.0845795,-1.3498077,10.8828125
1411126808798353221,MPU6515 Accelerometer,-0.78941345,-1.3022003,11.270813
1411126808803297069,MPU6515 Accelerometer,-0.57518005,-1.306961,11.530273
1411126808808210399,MPU6515 Accelerometer,-0.49186707,-1.2545929,11.70166
1411126808813123729,MPU6515 Accelerometer,-0.48472595,-1.261734,11.520752
1411126808818464305,MPU6515 Accelerometer,-0.60850525,-1.2974396,11.149414
1411126808814832713,MPU6515 Gyroscope,-0.641037,0.48583984,-0.4559021
1411126808822980907,MPU6515 Accelerometer,-0.8084564,-1.2974396,10.792358
1411126808827924754,MPU6515 Accelerometer,-1.0798187,-1.4235992,10.466248
1411126808832838084,MPU6515 Accelerometer,-1.3964081,-1.5188141,10.204407
1411126808837751414,MPU6515 Accelerometer,-1.6987152,-1.5330963,10.247253
1411126808842664744,MPU6515 Accelerometer,-1.7272797,-1.3022003,10.435303
1411126808848005321,MPU6515 Accelerometer,-1.7082367,-0.85469055,10.485291
1411126808852521922,MPU6515 Accelerometer,-1.7058563,-0.65711975,10.575745
1411126808857465770,MPU6515 Accelerometer,-1.8034515,-0.6428375,10.730469
1411126808862379100,MPU6515 Accelerometer,-1.8367767,-0.65711975,10.878052
1411126808867292430,MPU6515 Accelerometer,-1.7891693,-0.5381012,10.999451
1411126808872236278,MPU6515 Accelerometer,-1.6606293,-0.45002747,10.987549
1411126808877546336,MPU6515 Accelerometer,-1.6891937,-0.41670227,10.970886
1411126808882093455,MPU6515 Accelerometer,-1.7796478,-0.4809723,11.042297
1411126808887037303,MPU6515 Accelerometer,-1.915329,-0.5142975,11.078003
1411126808881483104,MPU6515 Gyroscope,-0.05178833,0.3808136,-0.16577148
1411126808891950633,MPU6515 Accelerometer,-2.0748138,-0.50953674,11.006592
1411126808896863963,MPU6515 Accelerometer,-2.1985931,-0.5357208,10.911377
1411126808901777293,MPU6515 Accelerometer,-2.4509125,-0.55714417,10.747131
1411126808907087352,MPU6515 Accelerometer,-2.6246796,-0.51667786,10.697144
1411126808911634471,MPU6515 Accelerometer,-2.7056122,-0.40480042,10.685242
1411126808916547801,MPU6515 Accelerometer,-2.6746674,-0.3072052,10.851868
1411126808921491649,MPU6515 Accelerometer,-2.4651947,-0.19770813,10.806641
1411126808926404979,MPU6515 Accelerometer,-2.2247772,-0.14533997,10.773315
1411126808931318309,MPU6515 Accelerometer,-2.1890717,-0.17152405,10.678101
1411126808936658885,MPU6515 Accelerometer,-2.172409,-0.24531555,10.478149
1411126808941206004,MPU6515 Accelerometer,-2.005783,-0.28816223,10.187744
1411126808946119334,MPU6515 Accelerometer,-1.7701263,-0.31196594,9.9782715
1411126808951032664,MPU6515 Accelerometer,-1.4273529,-0.27149963,9.809265
1411126808948133494,MPU6515 Gyroscope,0.32711792,0.064941406,0.19784546
1411126808955976512,MPU6515 Accelerometer,-1.0274506,-0.22627258,9.633118
1411126808960889842,MPU6515 Accelerometer,-0.7180023,-0.23817444,9.685486
1411126808966199901,MPU6515 Accelerometer,-0.4728241,-0.30482483,9.71405
1411126808970747020,MPU6515 Accelerometer,-0.23002625,-0.32624817,9.718811
1411126808975660350,MPU6515 Accelerometer,-0.10386658,-0.32862854,9.7473755
1411126808980604198,MPU6515 Accelerometer,-0.034835815,-0.38575745,9.744995
1411126808985517528,MPU6515 Accelerometer,0.048477173,-0.47383118,9.780701
1411126808990430858,MPU6515 Accelerometer,0.15559387,-0.49287415,9.671204
1411126808995740916,MPU6515 Accelerometer,0.17463684,-0.6547394,9.057068
1411126809000288035,MPU6515 Accelerometer,0.28651428,-0.7951813,8.031128
1411126809005231883,MPU6515 Accelerometer,0.30317688,-0.7023468,7.755005
1411126809010145213,MPU6515 Accelerometer,0.19367981,-0.47859192,7.940674
1411126809015089061,MPU6515 Accelerometer,-0.20384216,-0.6690216,8.081116
1411126809020002391,MPU6515 Accelerometer,-0.47044373,-0.83088684,8.219177
1411126809014783885,MPU6515 Gyroscope,0.37902832,-0.09197998,0.34230042
1411126809025312449,MPU6515 Accelerometer,-0.5466156,-0.7666168,8.128723
1411126809029859569,MPU6515 Accelerometer,-0.4966278,-0.52619934,8.245361
1411126809034833934,MPU6515 Accelerometer,-0.5394745,-0.31196594,8.471497
1411126809039686229,MPU6515 Accelerometer,-0.7346649,-0.42622375,8.9071045
1411126809044630076,MPU6515 Accelerometer,-0.9988861,-0.44288635,9.283203
1411126809049543407,MPU6515 Accelerometer,-1.1107635,-0.4809723,9.90448
1411126809054853465,MPU6515 Accelerometer,-1.1321869,-0.46192932,10.28772
1411126809059400584,MPU6515 Accelerometer,-1.0417328,-0.47621155,10.635254
1411126809064313914,MPU6515 Accelerometer,-0.96318054,-0.4476471,10.875671
1411126809069257762,MPU6515 Accelerometer,-0.98698425,-0.54286194,11.028015
1411126809074201610,MPU6515 Accelerometer,-1.1298065,-0.6356964,10.880432
1411126809079084422,MPU6515 Accelerometer,-1.5130463,-0.8570709,10.678101
1411126809084394481,MPU6515 Accelerometer,-2.2009735,-1.0808258,10.449585
1411126809081434276,MPU6515 Gyroscope,-0.1522522,-0.2700348,0.14971924
1411126809088941600,MPU6515 Accelerometer,-2.331894,-0.902298,9.96875
1411126809093885448,MPU6515 Accelerometer,-2.1938324,-0.6380768,9.637878
1411126809098798778,MPU6515 Accelerometer,-2.1128998,-0.56666565,9.675964
1411126809103712108,MPU6515 Accelerometer,-1.8891449,-0.5309601,10.116333
1411126809108655955,MPU6515 Accelerometer,-0.60136414,-0.4381256,10.811401
1411126809113996532,MPU6515 Accelerometer,1.6552277,-0.6190338,10.22583
1411126809118513133,MPU6515 Accelerometer,2.1289215,-1.2855377,9.866394
1411126809123426463,MPU6515 Accelerometer,1.4695587,-1.2593536,10.104431
1411126809128370311,MPU6515 Accelerometer,0.7387848,-1.2664948,10.173462
1411126809133283641,MPU6515 Accelerometer,0.02229309,-0.98799133,10.083008
1411126809138227489,MPU6515 Accelerometer,-0.37760925,-0.7428131,10.259155
1411126809143537547,MPU6515 Accelerometer,-0.7108612,-0.59999084,10.811401
1411126809148054149,MPU6515 Accelerometer,-1.0679169,-0.45240784,11.192261
1411126809152997996,MPU6515 Accelerometer,-1.1678925,-0.50239563,11.368408
1411126809148084666,MPU6515 Gyroscope,0.06147766,0.037002563,0.26968384
1411126809157941844,MPU6515 Accelerometer,-1.0417328,-0.47859192,11.182739
1411126809162855174,MPU6515 Accelerometer,-0.8941498,-0.43336487,10.989929
1411126809167768504,MPU6515 Accelerometer,-0.8489227,-0.3809967,10.585266
1411126809173078563,MPU6515 Accelerometer,-1.0393524,-0.35957336,10.109192
1411126809177625682,MPU6515 Accelerometer,-1.4797211,-0.39527893,9.859253
1411126809182539012,MPU6515 Accelerometer,-1.9248505,-0.48573303,9.547424
1411126809187482860,MPU6515 Accelerometer,-2.2081146,-0.55714417,9.307007
1411126809192396190,MPU6515 Accelerometer,-2.1343231,-0.56666565,9.271301
1411126809197309520,MPU6515 Accelerometer,-1.8177338,-0.46907043,9.3498535
1411126809202619578,MPU6515 Accelerometer,-1.3178558,-0.33338928,9.371277
1411126809207197215,MPU6515 Accelerometer,-0.75608826,-0.27149963,9.5164795
1411126809212110545,MPU6515 Accelerometer,-0.17289734,-0.25245667,9.442688
1411126809217054393,MPU6515 Accelerometer,0.3269806,-0.25959778,9.266541
1411126809221967723,MPU6515 Accelerometer,0.65071106,-0.30482483,9.002319
1411126809214735057,MPU6515 Gyroscope,0.47962952,0.06892395,0.22506714
1411126809226881053,MPU6515 Accelerometer,0.74354553,-0.45716858,8.585754
1411126809232191112,MPU6515 Accelerometer,0.6649933,-0.58332825,8.143005
1411126809236738231,MPU6515 Accelerometer,0.5078888,-0.5285797,7.985901
1411126809241651561,MPU6515 Accelerometer,0.2936554,-0.40242004,8.250122
1411126809246595408,MPU6515 Accelerometer,-0.17051697,-0.48573303,9.011841
1411126809251508739,MPU6515 Accelerometer,-0.5704193,-0.4476471,10.232971
1411126809256422069,MPU6515 Accelerometer,-0.80607605,-0.41670227,10.649536
1411126809261732127,MPU6515 Accelerometer,-0.9560394,-0.121536255,10.887573
1411126809266279246,MPU6515 Accelerometer,-0.97746277,0.056991577,10.944702
1411126809271223094,MPU6515 Accelerometer,-1.0012665,0.08555603,10.973267
1411126809276136424,MPU6515 Accelerometer,-0.95365906,0.030807495,10.99707
1411126809281080272,MPU6515 Accelerometer,-0.89653015,-0.040603638,10.830444
1411126809285993602,MPU6515 Accelerometer,-0.87034607,-0.1834259,10.513855
1411126809281385448,MPU6515 Gyroscope,0.019348145,-0.068740845,0.17721558
1411126809291303660,MPU6515 Accelerometer,-0.8274994,-0.25483704,10.182983
1411126809295850780,MPU6515 Accelerometer,-0.76560974,-0.22627258,9.933044
1411126809300764110,MPU6515 Accelerometer,-0.6537323,-0.18104553,9.809265
1411126809305707957,MPU6515 Accelerometer,-0.6227875,-0.2167511,9.844971
1411126809310621287,MPU6515 Accelerometer,-0.75608826,-0.25245667,9.844971
1411126809315565135,MPU6515 Accelerometer,-1.8748627,-0.74043274,8.304871
1411126809320844676,MPU6515 Accelerometer,-1.8105927,-0.58332825,7.0932617
1411126809325391795,MPU6515 Accelerometer,-0.6442108,0.118881226,8.992798
1411126809330335643,MPU6515 Accelerometer,-0.93937683,-0.126297,10.254395
1411126809335310008,MPU6515 Accelerometer,-1.4821014,-0.5952301,9.849731
1411126809340162303,MPU6515 Accelerometer,-1.4440155,-0.5952301,9.278442
1411126809345106151,MPU6515 Accelerometer,-0.76322937,-0.15486145,9.280823
1411126809350416209,MPU6515 Accelerometer,0.02229309,0.05937195,9.268921
1411126809348035838,MPU6515 Gyroscope,-0.002822876,-0.07963562,0.12385559
1411126809354963328,MPU6515 Accelerometer,1.3410187,-0.10725403,8.961853
1411126809359876658,MPU6515 Accelerometer,2.1265411,-0.55000305,8.854736
1411126809364789989,MPU6515 Accelerometer,1.7385406,-1.0570221,8.973755
1411126809369733836,MPU6515 Accelerometer,0.96492004,-1.2212677,9.092773
1411126809374647166,MPU6515 Accelerometer,0.15559387,-1.0475006,9.276062
1411126809379987742,MPU6515 Accelerometer,-0.63230896,-0.9737091,9.578369
1411126809384534862,MPU6515 Accelerometer,-1.1060028,-0.90467834,9.992554
1411126809389448192,MPU6515 Accelerometer,-1.2845306,-0.9427643,10.525757
1411126809394361522,MPU6515 Accelerometer,-1.1559906,-1.0189362,10.878052
1411126809399305369,MPU6515 Accelerometer,-0.84654236,-1.0189362,11.137512
1411126809404218699,MPU6515 Accelerometer,-0.7346649,-1.0570221,10.980408
1411126809409528758,MPU6515 Accelerometer,-0.8774872,-1.1712799,10.261536
1411126809414075877,MPU6515 Accelerometer,-1.3797455,-1.1927032,9.609314
1411126809419019725,MPU6515 Accelerometer,-2.0605316,-1.306961,9.011841
1411126809414686229,MPU6515 Gyroscope,-0.20861816,-0.30389404,-0.044692993
1411126809423933055,MPU6515 Accelerometer,-2.5389862,-1.2379303,8.757141
1411126809428846385,MPU6515 Accelerometer,-2.377121,-1.0546417,8.711914
1411126809433759715,MPU6515 Accelerometer,-1.8558197,-0.9094391,8.828552
1411126809439069774,MPU6515 Accelerometer,-1.3297577,-0.87849426,8.995178
1411126809443616893,MPU6515 Accelerometer,-0.8751068,-0.92134094,9.042786
1411126809448560741,MPU6515 Accelerometer,-0.5775604,-0.9760895,9.235596
1411126809453474071,MPU6515 Accelerometer,-0.37522888,-0.9927521,9.452209
1411126809458417918,MPU6515 Accelerometer,-0.23240662,-1.0427399,9.821167
1411126809463331248,MPU6515 Accelerometer,-0.13719177,-1.0475006,10.15918
1411126809468641307,MPU6515 Accelerometer,-0.096725464,-1.0189362,10.428162
1411126809473188426,MPU6515 Accelerometer,-0.10386658,-1.0260773,10.592407
1411126809478101756,MPU6515 Accelerometer,-0.24668884,-1.0213165,10.706665
1411126809483045604,MPU6515 Accelerometer,-0.42521667,-1.0451202,10.67334
1411126809487958934,MPU6515 Accelerometer,-0.5894623,-1.0379791,10.618591
1411126809481336619,MPU6515 Gyroscope,-0.2965088,-0.043914795,0.14498901
1411126809492872264,MPU6515 Accelerometer,-0.8084564,-1.0213165,10.41626
1411126809498182323,MPU6515 Accelerometer,-1.0226898,-1.095108,10.166321
1411126809502729442,MPU6515 Accelerometer,-1.0821991,-1.0522614,10.006836
1411126809507673289,MPU6515 Accelerometer,-1.0298309,-1.0165558,10.071106
1411126809512586619,MPU6515 Accelerometer,-0.97984314,-1.0379791,10.152039
1411126809517530467,MPU6515 Accelerometer,-0.91319275,-0.9832306,10.259155
1411126809522443797,MPU6515 Accelerometer,-0.9488983,-1.0213165,10.275818
1411126809527753856,MPU6515 Accelerometer,-0.9750824,-1.0784454,10.142517
1411126809532300975,MPU6515 Accelerometer,-0.9679413,-1.1165314,10.023499
1411126809537214305,MPU6515 Accelerometer,-1.0179291,-1.0927277,9.821167
1411126809542158153,MPU6515 Accelerometer,-0.9488983,-1.0165558,9.683105
1411126809547071483,MPU6515 Accelerometer,-0.8655853,-0.89753723,9.630737
1411126809551984813,MPU6515 Accelerometer,-0.6846771,-0.8332672,9.387939
1411126809547987010,MPU6515 Gyroscope,0.009857178,0.14022827,-0.0410614
1411126809557294871,MPU6515 Accelerometer,-0.54185486,-0.7523346,9.235596
1411126809561841991,MPU6515 Accelerometer,-0.5394745,-0.6952057,9.406982
1411126809566785838,MPU6515 Accelerometer,-0.47758484,-0.4309845,9.395081
1411126809571699168,MPU6515 Accelerometer,-0.39665222,-0.13343811,9.428406
1411126809576612498,MPU6515 Accelerometer,-0.6061249,0.016525269,9.476013
1411126809581556346,MPU6515 Accelerometer,-0.89653015,-0.08345032,9.511719
1411126809586835887,MPU6515 Accelerometer,-0.94651794,-0.25959778,9.428406
1411126809591383006,MPU6515 Accelerometer,-0.8274994,-0.43336487,9.218933
1411126809596326854,MPU6515 Accelerometer,-0.8417816,-0.41908264,9.321289
1411126809601240184,MPU6515 Accelerometer,-0.87034607,-0.32148743,9.51886
1411126809606184032,MPU6515 Accelerometer,-0.85606384,-0.31196594,9.637878
1411126809611097362,MPU6515 Accelerometer,-0.9179535,-0.4143219,9.854492
1411126809616437938,MPU6515 Accelerometer,-0.9750824,-0.47383118,10.03064
1411126809620954539,MPU6515 Accelerometer,-1.0179291,-0.57618713,10.221069
1411126809614637401,MPU6515 Gyroscope,-0.06896973,0.16490173,-0.13066101
1411126809625867869,MPU6515 Accelerometer,-1.0702972,-0.6452179,10.509094
1411126809630811717,MPU6515 Accelerometer,-1.0012665,-0.6118927,10.635254
1411126809635786082,MPU6515 Accelerometer,-0.8084564,-0.4309845,10.761414
1411126809640638377,MPU6515 Accelerometer,-0.51091003,-0.3238678,10.594788
1411126809645948436,MPU6515 Accelerometer,-0.48710632,-0.2905426,10.35437
1411126809650526073,MPU6515 Accelerometer,-0.6632538,-0.3405304,10.373413
1411126809655408885,MPU6515 Accelerometer,-0.70848083,-0.31196594,10.213928
1411126809660352733,MPU6515 Accelerometer,-0.6394501,-0.30244446,10.023499
1411126809665296580,MPU6515 Accelerometer,-0.5132904,-0.32862854,9.864014
1411126809670179393,MPU6515 Accelerometer,-0.42521667,-0.40956116,9.77356
1411126809675519969,MPU6515 Accelerometer,-0.5156708,-0.36909485,9.852112
1411126809680067088,MPU6515 Accelerometer,-0.60850525,-0.27149963,9.861633
1411126809684980418,MPU6515 Accelerometer,-0.6608734,-0.2000885,9.699768
1411126809681287791,MPU6515 Gyroscope,-0.05406189,-0.16267395,-0.16818237
1411126809689893748,MPU6515 Accelerometer,-0.62516785,-0.050125122,9.804504
1411126809694807078,MPU6515 Accelerometer,-0.6037445,0.007003784,9.873535
1411126809699750926,MPU6515 Accelerometer,-0.74894714,-0.1096344,10.025879
1411126809705060985,MPU6515 Accelerometer,-0.760849,-0.24531555,9.84021
1411126809709608104,MPU6515 Accelerometer,-0.65849304,-0.26197815,9.6474
1411126809714521434,MPU6515 Accelerometer,-0.69895935,-0.35005188,9.58551
1411126809719465282,MPU6515 Accelerometer,-0.73228455,-0.36671448,9.502197
1411126809724378612,MPU6515 Accelerometer,-0.87272644,-0.3905182,9.176086
1411126809729291942,MPU6515 Accelerometer,-1.1345673,-0.42622375,9.19751
1411126809734602000,MPU6515 Accelerometer,-1.2393036,-0.51667786,9.302246
1411126809739149119,MPU6515 Accelerometer,-1.2250214,-0.4547882,9.373657
1411126809744092967,MPU6515 Accelerometer,-1.1869354,-0.37147522,9.321289
1411126809749036815,MPU6515 Accelerometer,-1.1678925,-0.38813782,9.340332
1411126809753950145,MPU6515 Accelerometer,-1.2464447,-0.37623596,9.399841
1411126809747938182,MPU6515 Gyroscope,0.13198853,-0.09362793,-0.18383789
1411126809758863475,MPU6515 Accelerometer,-1.2940521,-0.38813782,9.540283
1411126809764173533,MPU6515 Accelerometer,-1.3678436,-0.32148743,9.754517
1411126809768720653,MPU6515 Accelerometer,-1.3773651,-0.26435852,9.84021
1411126809773756053,MPU6515 Accelerometer,-1.4321136,-0.24293518,9.937805
1411126809778638866,MPU6515 Accelerometer,-1.4963837,-0.2572174,9.961609
1411126809783582713,MPU6515 Accelerometer,-1.5249481,-0.27626038,10.0425415
1411126809788373973,MPU6515 Accelerometer,-1.3083344,-0.19770813,9.921143
1411126809793684032,MPU6515 Accelerometer,-1.1417084,-0.24531555,9.744995
1411126809798231151,MPU6515 Accelerometer,-0.9322357,-0.29292297,9.744995
1411126809803144481,MPU6515 Accelerometer,-0.80607605,-0.29768372,9.783081
1411126809808057811,MPU6515 Accelerometer,-0.63468933,-0.34291077,9.878296
1411126809813001658,MPU6515 Accelerometer,-0.65849304,-0.33338928,9.925903
1411126809817914989,MPU6515 Accelerometer,-0.63230896,-0.38337708,10.025879
1411126809814588573,MPU6515 Gyroscope,0.17124939,0.11253357,-0.032318115
1411126809823225047,MPU6515 Accelerometer,-0.7037201,-0.4476471,10.049683
1411126809827772166,MPU6515 Accelerometer,-0.6608734,-0.47859192,10.166321
1411126809832685496,MPU6515 Accelerometer,-0.6846771,-0.3976593,10.044922
1411126809837629344,MPU6515 Accelerometer,-0.53471375,-0.31196594,9.916382
1411126809842573192,MPU6515 Accelerometer,-0.529953,-0.23103333,9.625977
1411126809847456004,MPU6515 Accelerometer,-0.69895935,-0.26435852,9.52124
1411126809852766063,MPU6515 Accelerometer,-0.92271423,-0.24769592,9.397461
1411126809857313182,MPU6515 Accelerometer,-1.0131683,-0.19056702,9.45697
1411126809862257030,MPU6515 Accelerometer,-0.87986755,-1.373291E-4,9.537903
1411126809867170360,MPU6515 Accelerometer,-0.83226013,0.04032898,9.723572
1411126809872114207,MPU6515 Accelerometer,-0.80607605,0.1379242,9.790222
1411126809877027537,MPU6515 Accelerometer,-0.844162,0.18791199,9.954468
1411126809882307078,MPU6515 Accelerometer,-0.81559753,0.26646423,10.199646
1411126809886884715,MPU6515 Accelerometer,-0.9179535,0.3021698,10.35437
1411126809881238963,MPU6515 Gyroscope,0.11793518,0.15737915,0.007965088
1411126809891798045,MPU6515 Accelerometer,-0.87986755,0.35691833,10.578125
1411126809896711375,MPU6515 Accelerometer,-0.8179779,0.335495,10.787598
1411126809901655223,MPU6515 Accelerometer,-0.81321716,0.3759613,10.887573
1411126809906568553,MPU6515 Accelerometer,-0.8108368,0.40690613,10.892334
1411126809911878612,MPU6515 Accelerometer,-0.7013397,0.39024353,10.811401
1411126809916425731,MPU6515 Accelerometer,-0.6204071,0.3688202,10.67334
1411126809921339061,MPU6515 Accelerometer,-0.55851746,0.32359314,10.537659
1411126809926282908,MPU6515 Accelerometer,-0.59898376,0.31407166,10.247253
1411126809931196239,MPU6515 Accelerometer,-0.52519226,0.2950287,9.997314
1411126809936201121,MPU6515 Accelerometer,-0.50138855,0.252182,9.828308
1411126809941419627,MPU6515 Accelerometer,-0.59898376,0.09031677,9.785461
1411126809945997264,MPU6515 Accelerometer,-0.69181824,0.06175232,9.597412
1411126809950910594,MPU6515 Accelerometer,-0.7846527,0.03794861,9.506958
1411126809947889354,MPU6515 Gyroscope,0.21525574,0.05303955,-0.03765869
1411126809955854442,MPU6515 Accelerometer,-0.59184265,0.007003784,9.437927
1411126809960767772,MPU6515 Accelerometer,-0.5228119,-0.0048980713,9.347473
1411126809965681102,MPU6515 Accelerometer,-0.5966034,-0.16200256,9.416504
1411126809970991160,MPU6515 Accelerometer,-0.5870819,-0.2905426,9.468872
1411126809975538280,MPU6515 Accelerometer,-0.5132904,-0.3238678,9.376038
1411126809980482127,MPU6515 Accelerometer,-0.46568298,-0.40480042,9.383179
1411126809985395457,MPU6515 Accelerometer,-0.41807556,-0.43574524,9.3498535
1411126809990339305,MPU6515 Accelerometer,-0.44425964,-0.5071564,9.190369
1411126809995252635,MPU6515 Accelerometer,-0.41331482,-0.50953674,8.968994
1411126810000562694,MPU6515 Accelerometer,-0.39427185,-0.47383118,8.854736
1411126810005109813,MPU6515 Accelerometer,-0.38713074,-0.4643097,8.899963
1411126810010023143,MPU6515 Accelerometer,-0.47044373,-0.40003967,8.926147
1411126810014966991,MPU6515 Accelerometer,-0.4728241,-0.3405304,8.959473
1411126810019880321,MPU6515 Accelerometer,-0.47520447,-0.40242004,9.114197
1411126810014539744,MPU6515 Gyroscope,-0.030273438,-0.004119873,-0.017089844
1411126810024793651,MPU6515 Accelerometer,-0.5370941,-0.4881134,9.45459
1411126810030103709,MPU6515 Accelerometer,-0.5228119,-0.54048157,9.6640625
1411126810034650828,MPU6515 Accelerometer,-0.51091003,-0.49049377,9.918762
1411126810039594676,MPU6515 Accelerometer,-0.60850525,-0.4381256,9.9782715
1411126810044538524,MPU6515 Accelerometer,-0.70610046,-0.41194153,10.152039
1411126810049451854,MPU6515 Accelerometer,-0.7941742,-0.4071808,10.311523
1411126810054365184,MPU6515 Accelerometer,-0.7679901,-0.42860413,10.22583
1411126810059675242,MPU6515 Accelerometer,-0.7941742,-0.42622375,10.054443
1411126810064222362,MPU6515 Accelerometer,-0.92985535,-0.35957336,9.975891
1411126810069135692,MPU6515 Accelerometer,-1.0226898,-0.36195374,9.928284
1411126810074079539,MPU6515 Accelerometer,-1.0655365,-0.35481262,9.9592285
1411126810078992869,MPU6515 Accelerometer,-1.1369476,-0.3976593,9.887817
1411126810083906199,MPU6515 Accelerometer,-1.2321625,-0.44526672,9.70929
1411126810081190135,MPU6515 Gyroscope,-0.21942139,-0.14491272,-0.02885437
1411126810089216258,MPU6515 Accelerometer,-1.2773895,-0.5119171,9.718811
1411126810093763377,MPU6515 Accelerometer,-1.1750336,-0.5381012,9.875916
1411126810098707225,MPU6515 Accelerometer,-1.0155487,-0.55714417,9.96637
1411126810103620555,MPU6515 Accelerometer,-0.8370209,-0.52619934,9.830688
1411126810108533885,MPU6515 Accelerometer,-0.67515564,-0.49287415,9.523621
1411126810113477733,MPU6515 Accelerometer,-0.63230896,-0.4309845,9.571228
1411126810118787791,MPU6515 Accelerometer,-0.8013153,-0.44526672,9.654541
1411126810123334910,MPU6515 Accelerometer,-1.0036469,-0.47621155,9.675964
1411126810128248241,MPU6515 Accelerometer,-1.1607513,-0.49525452,9.659302
1411126810133161571,MPU6515 Accelerometer,-1.2202606,-0.45002747,9.787842
1411126810138105418,MPU6515 Accelerometer,-1.2393036,-0.33576965,9.799744
1411126810143018748,MPU6515 Accelerometer,-1.2702484,-0.22865295,9.718811
1411126810148328807,MPU6515 Accelerometer,-1.2178802,-0.14772034,9.725952
1411126810152875926,MPU6515 Accelerometer,-1.0845795,-0.102493286,9.780701
1411126810147840526,MPU6515 Gyroscope,-0.0038452148,0.007369995,0.021194458
1411126810157789256,MPU6515 Accelerometer,-1.0012665,-0.22627258,9.83783
1411126810162733104,MPU6515 Accelerometer,-0.81321716,-0.3738556,9.887817
1411126810167646434,MPU6515 Accelerometer,-0.613266,-0.4381256,9.687866
1411126810172559764,MPU6515 Accelerometer,-0.46092224,-0.47383118,9.816406
1411126810177869823,MPU6515 Accelerometer,-0.46806335,-0.504776,9.809265
1411126810237318065,MPU6515 Accelerometer,-0.51805115,-0.5357208,9.737854
1411126810214490916,MPU6515 Gyroscope,0.019042969,0.05517578,0.0061950684
1411126810256574657,MPU6515 Accelerometer,-0.3490448,-0.37623596,9.499817
1411126810276289012,MPU6515 Accelerometer,-0.28477478,-0.5357208,9.692627
1411126810296369578,MPU6515 Accelerometer,-0.74894714,-0.45002747,9.963989
1411126810281141307,MPU6515 Gyroscope,-0.1556549,0.0042877197,-0.021224976
1411126810315687205,MPU6515 Accelerometer,-0.4799652,-0.5190582,9.625977
1411126810335432078,MPU6515 Accelerometer,-0.9250946,-0.43574524,10.083008
1411126810355451610,MPU6515 Accelerometer,-1.0845795,-0.5642853,9.873535
1411126810347791698,MPU6515 Gyroscope,-0.17974854,-0.2905426,0.056152344
1411126810374769237,MPU6515 Accelerometer,-0.55851746,-0.37623596,9.925903
1411126810394483592,MPU6515 Accelerometer,-0.5608978,-0.5285797,10.792358
1411126810414564158,MPU6515 Accelerometer,-0.99650574,-0.5952301,10.528137
1411126810433881785,MPU6515 Accelerometer,-0.9179535,-0.55952454,9.804504
1411126810414442088,MPU6515 Gyroscope,0.015899658,-0.06977844,0.03904724
1411126810453565623,MPU6515 Accelerometer,-1.1321869,-0.5309601,10.213928
1411126810473615672,MPU6515 Accelerometer,-1.2892914,-0.55000305,11.020874
1411126810492963817,MPU6515 Accelerometer,-0.73942566,-1.0617828,10.401978
1411126810481092479,MPU6515 Gyroscope,-0.050704956,0.15608215,-0.0017700195
1411126810512647655,MPU6515 Accelerometer,0.39601135,-0.54048157,9.764038
1411126810532758739,MPU6515 Accelerometer,-0.37046814,-0.26911926,9.240356
1411126810552106883,MPU6515 Accelerometer,-0.6037445,-0.41670227,9.564087
1411126810547742869,MPU6515 Gyroscope,-0.03253174,0.2866974,0.13293457
1411126810571729686,MPU6515 Accelerometer,-0.95365906,-0.7023468,10.085388
1411126810591810252,MPU6515 Accelerometer,-0.92985535,-1.2117462,10.037781
1411126810611158397,MPU6515 Accelerometer,-0.38237,-0.6452179,8.573853
1411126810630842235,MPU6515 Accelerometer,-0.5608978,-0.5642853,9.102295
1411126810614393260,MPU6515 Gyroscope,0.113723755,-0.14936829,-0.0065307617
1411126810650983836,MPU6515 Accelerometer,-0.37046814,-0.36195374,10.054443
1411126810670270946,MPU6515 Accelerometer,-0.844162,-0.10487366,10.213928
1411126810689954783,MPU6515 Accelerometer,-0.36332703,0.03794861,9.744995
1411126810681043651,MPU6515 Gyroscope,0.3150177,-0.09877014,0.042556763
1411126810709974315,MPU6515 Accelerometer,-0.23716736,-0.14533997,9.58551
1411126810729322459,MPU6515 Accelerometer,-0.39665222,-0.16200256,9.961609
1411126810749006297,MPU6515 Accelerometer,-0.59184265,-0.12867737,10.328186
1411126810769086864,MPU6515 Accelerometer,-0.62516785,-0.18580627,9.640259
1411126810747694041,MPU6515 Gyroscope,0.33013916,-0.12020874,-0.05142212
1411126810788435008,MPU6515 Accelerometer,-0.7346649,-0.119155884,9.64978
1411126810808576610,MPU6515 Accelerometer,-0.34666443,-0.038223267,10.006836
1411126810828626658,MPU6515 Accelerometer,-0.50852966,0.023666382,10.004456
1411126810814344432,MPU6515 Gyroscope,0.15621948,-0.06524658,-0.035629272
1411126810847913768,MPU6515 Accelerometer,-0.1348114,0.01890564,9.71405
1411126810867719676,MPU6515 Accelerometer,-0.52519226,-0.10725403,9.790222
1411126810887739207,MPU6515 Accelerometer,-0.73228455,-0.121536255,9.564087
1411126810880994823,MPU6515 Gyroscope,-0.063797,0.010620117,-0.011566162
1411126810907026317,MPU6515 Accelerometer,-0.41807556,-0.062026978,9.492676
1411126810926710155,MPU6515 Accelerometer,-0.39189148,-0.078689575,10.080627
1411126810946790721,MPU6515 Accelerometer,-0.43473816,-0.13581848,10.254395
1411126810966108348,MPU6515 Accelerometer,-0.5537567,-0.2334137,10.004456
1411126810947645213,MPU6515 Gyroscope,-0.12991333,-0.026168823,-0.010360718
1411126810985822703,MPU6515 Accelerometer,-0.36332703,-0.15962219,9.476013
1411126811005903270,MPU6515 Accelerometer,-0.66563416,-0.20484924,9.690247
1411126811025190379,MPU6515 Accelerometer,-0.79893494,-0.2000885,9.847351
1411126811014295604,MPU6515 Gyroscope,-0.101745605,0.02760315,-0.020584106
1411126811044874217,MPU6515 Accelerometer,-0.6846771,-0.30958557,10.373413
1411126811064954783,MPU6515 Accelerometer,-0.3561859,-0.26435852,9.856873
1411126811084272410,MPU6515 Accelerometer,-0.51091003,-0.43574524,10.187744
1411126811080945994,MPU6515 Gyroscope,-0.12042236,0.030731201,-0.0067596436
1411126811103986766,MPU6515 Accelerometer,-0.67515564,-0.4071808,10.147278
1411126811124067332,MPU6515 Accelerometer,-0.5204315,-0.44526672,9.697388
1411126811143384959,MPU6515 Accelerometer,-0.4966278,-0.3738556,9.84259
1411126811163068797,MPU6515 Accelerometer,-0.5537567,-0.4714508,9.654541
1411126811147596385,MPU6515 Gyroscope,0.002166748,-0.041366577,-0.01890564
1411126811183149364,MPU6515 Accelerometer,-0.5323334,-0.50001526,10.092529
1411126811202039744,MPU6515 Accelerometer,-0.31095886,-0.36195374,10.068726
1411126811222120311,MPU6515 Accelerometer,-0.6799164,-0.45002747,9.785461
1411126811214246776,MPU6515 Gyroscope,-0.05482483,-0.06770325,-0.01210022
1411126811242261912,MPU6515 Accelerometer,-0.7775116,-0.41908264,10.254395
1411126811261549022,MPU6515 Accelerometer,-0.613266,-0.4976349,10.647156
1411126811281232860,MPU6515 Accelerometer,-0.2657318,-0.46192932,10.109192
1411126811301313426,MPU6515 Accelerometer,-0.4728241,-0.2500763,9.780701
1411126811280897166,MPU6515 Gyroscope,-0.009170532,0.011734009,0.007843018
1411126811320631053,MPU6515 Accelerometer,-0.26335144,-0.27626038,10.09491
1411126811340314891,MPU6515 Accelerometer,-0.78941345,-0.2667389,10.1901245
1411126811360425975,MPU6515 Accelerometer,-0.5370941,-0.100112915,9.652161
1411126811347547557,MPU6515 Gyroscope,0.041900635,-0.05142212,0.0079193115
1411126811379743602,MPU6515 Accelerometer,-0.5727997,-0.078689575,9.606934
1411126811398969676,MPU6515 Accelerometer,-0.5704193,0.007003784,9.787842
1411126811419477489,MPU6515 Accelerometer,-0.45378113,-0.102493286,9.918762
1411126811414197948,MPU6515 Gyroscope,-0.1013031,0.0073394775,0.026641846
1411126811438917186,MPU6515 Accelerometer,-0.37760925,-0.08106995,9.6640625
1411126811458509471,MPU6515 Accelerometer,-0.5704193,-0.102493286,9.168945
1411126811478590037,MPU6515 Accelerometer,-0.35856628,-0.11677551,9.45459
1411126811497907664,MPU6515 Accelerometer,-0.32286072,-0.076309204,9.478394
1411126811480848338,MPU6515 Gyroscope,-0.02041626,0.020858765,0.029541016
1411126811518354442,MPU6515 Accelerometer,-0.40141296,-0.09059143,9.568848
1411126811537672069,MPU6515 Accelerometer,-0.4061737,-0.40480042,9.611694
1411126811556592967,MPU6515 Accelerometer,-0.47758484,-0.5619049,9.259399
1411126811547498729,MPU6515 Gyroscope,0.09790039,0.0018157959,-0.0113220215
1411126811576734569,MPU6515 Accelerometer,-0.5870819,-0.48335266,9.635498
1411126811596326854,MPU6515 Accelerometer,-0.44425964,-0.4309845,10.140137
1411126811616071727,MPU6515 Accelerometer,-0.54185486,-0.39527893,10.059204
1411126811635755565,MPU6515 Accelerometer,-0.5870819,-0.3976593,9.871155
1411126811614149119,MPU6515 Gyroscope,-0.0126953125,0.03538513,0.001373291
1411126811655866649,MPU6515 Accelerometer,-0.48472595,-0.41908264,9.790222
1411126811675184276,MPU6515 Accelerometer,-0.24668884,-0.34529114,10.056824
1411126811694837596,MPU6515 Accelerometer,-0.4061737,-0.35005188,9.954468
1411126811680799510,MPU6515 Gyroscope,-0.02166748,0.02748108,0.014953613
1411126811714918162,MPU6515 Accelerometer,-0.47758484,-0.3643341,9.833069
1411126811734235789,MPU6515 Accelerometer,-0.4561615,-0.39527893,9.897339
1411126811753950145,MPU6515 Accelerometer,-0.29667664,-0.4547882,9.923523
1411126811747449901,MPU6515 Gyroscope,0.01071167,-0.0024414063,-0.01663208
1411126811774061229,MPU6515 Accelerometer,-0.42997742,-0.33815002,10.087769
1411126811793317821,MPU6515 Accelerometer,-0.58232117,-0.3143463,9.954468
1411126811813032176,MPU6515 Accelerometer,-0.6394501,-0.35243225,9.8949585
1411126811833143260,MPU6515 Accelerometer,-0.50852966,-0.38337708,9.96875
1411126811814100291,MPU6515 Gyroscope,0.028259277,-0.03945923,-0.020233154
1411126811852460887,MPU6515 Accelerometer,-0.45140076,-0.26911926,9.916382
1411126811872144725,MPU6515 Accelerometer,-0.5608978,-0.31196594,10.013977
1411126811892225291,MPU6515 Accelerometer,-0.58232117,-0.29292297,9.697388
1411126811880750682,MPU6515 Gyroscope,-0.02130127,0.010040283,-0.017623901
1411126811911573436,MPU6515 Accelerometer,-0.51091003,-0.3476715,9.997314
1411126811930585887,MPU6515 Accelerometer,-0.42997742,-0.26911926,9.890198
1411126811951307323,MPU6515 Accelerometer,-0.48710632,-0.24531555,9.487915
1411126811947401073,MPU6515 Gyroscope,-0.053375244,-0.02178955,-0.01727295
1411126811970655467,MPU6515 Accelerometer,-0.69181824,-0.31672668,9.740234
1411126811990369823,MPU6515 Accelerometer,-0.36094666,-0.31672668,9.949707
1411126812010450389,MPU6515 Accelerometer,-0.37522888,-0.357193,9.873535
1411126812029737498,MPU6515 Accelerometer,-0.44425964,-0.36671448,9.764038
1411126812014051463,MPU6515 Gyroscope,-0.019088745,-0.026275635,-0.0050964355
1411126812049421336,MPU6515 Accelerometer,-0.5704193,-0.34529114,9.635498
1411126812069501903,MPU6515 Accelerometer,-0.5228119,-0.40242004,9.890198
1411126812088819530,MPU6515 Accelerometer,-0.31095886,-0.4381256,10.092529
1411126812080701854,MPU6515 Gyroscope,-0.0040130615,-0.019210815,-0.01675415
1411126812108564403,MPU6515 Accelerometer,-0.5466156,-0.44050598,10.0425415
1411126812128583934,MPU6515 Accelerometer,-0.58232117,-0.45716858,9.933044
1411126812147932078,MPU6515 Accelerometer,-0.40141296,-0.49287415,9.864014
1411126812167615916,MPU6515 Accelerometer,-0.36332703,-0.38575745,9.849731
1411126812147352244,MPU6515 Gyroscope,-0.008728027,-0.010848999,-0.02053833
1411126812187696483,MPU6515 Accelerometer,-0.44425964,-0.3405304,9.973511
1411126812207014110,MPU6515 Accelerometer,-0.34428406,-0.3476715,9.759277
1411126812226697948,MPU6515 Accelerometer,-0.46806335,-0.40480042,9.699768
1411126812214002635,MPU6515 Gyroscope,0.026779175,-0.0105896,-0.002090454
1411126812246839549,MPU6515 Accelerometer,-0.3561859,-0.41670227,9.930664
1411126812265638377,MPU6515 Accelerometer,-0.299057,-0.32624817,10.104431
1411126812285810496,MPU6515 Accelerometer,-0.36332703,-0.30482483,9.804504
1411126812280653026,MPU6515 Gyroscope,0.029876709,-7.019043E-4,-0.006439209
1411126812305891063,MPU6515 Accelerometer,-0.4490204,-0.35243225,9.799744
1411126812325208690,MPU6515 Accelerometer,-0.58232117,-0.3310089,9.656921
1411126812344892528,MPU6515 Accelerometer,-0.33476257,-0.3310089,9.821167
1411126812364942576,MPU6515 Accelerometer,-0.4966278,-0.32862854,9.814026
1411126812347303416,MPU6515 Gyroscope,0.056655884,-0.015014648,-0.006729126
1411126812384290721,MPU6515 Accelerometer,-0.47520447,-0.38337708,9.806885
1411126812404005076,MPU6515 Accelerometer,-0.35142517,-0.35243225,9.985413
1411126812424482371,MPU6515 Accelerometer,-0.7775116,-0.32624817,9.930664
1411126812413953807,MPU6515 Gyroscope,-0.06616211,-0.031021118,-0.03303528
1411126812443372752,MPU6515 Accelerometer,-0.51091003,-0.3809967,9.818787
1411126812463087108,MPU6515 Accelerometer,-0.31809998,-0.40956116,9.64978
1411126812483167674,MPU6515 Accelerometer,-0.26335144,-0.38813782,9.771179
1411126812480604198,MPU6515 Gyroscope,4.4250488E-4,0.002380371,-0.0043945313
1411126812502485301,MPU6515 Accelerometer,-0.21098328,-0.22151184,9.961609
1411126812522169139,MPU6515 Accelerometer,-0.35142517,-0.22627258,9.944946
1411126812542219188,MPU6515 Accelerometer,-0.30381775,-0.26197815,9.706909
1411126812561567332,MPU6515 Accelerometer,-0.51091003,-0.20722961,9.749756
1411126812547254588,MPU6515 Gyroscope,0.041244507,0.0013885498,0.011062622
1411126812581281688,MPU6515 Accelerometer,-0.30143738,-0.22151184,9.90686
1411126812601331737,MPU6515 Accelerometer,-0.4323578,-0.31196594,10.044922
1411126812620649364,MPU6515 Accelerometer,-0.42759705,-0.32624817,9.7473755
1411126812613904979,MPU6515 Gyroscope,0.03981018,0.011779785,3.0517578E-4
1411126812639966991,MPU6515 Accelerometer,-0.5442352,-0.35243225,9.754517
1411126812659772899,MPU6515 Accelerometer,-0.33000183,-0.32148743,9.899719
1411126812679121043,MPU6515 Accelerometer,-0.3419037,-0.27626038,9.96875
1411126812698804881,MPU6515 Accelerometer,-0.4633026,-0.2334137,9.997314
1411126812680555369,MPU6515 Gyroscope,0.012863159,0.034347534,0.008865356
1411126812718854930,MPU6515 Accelerometer,-0.40141296,-0.2572174,9.854492
1411126812738203074,MPU6515 Accelerometer,-0.37046814,-0.33576965,9.878296
1411126812757886912,MPU6515 Accelerometer,-0.3990326,-0.29292297,9.823547
1411126812747205760,MPU6515 Gyroscope,7.9345703E-4,0.03591919,7.6293945E-4
1411126812777967479,MPU6515 Accelerometer,-0.5466156,-0.30958557,9.90686
1411126812797285106,MPU6515 Accelerometer,-0.5037689,-0.2667389,9.975891
1411126812816999461,MPU6515 Accelerometer,-0.39189148,-0.21437073,9.630737
1411126812813856151,MPU6515 Gyroscope,-0.0075683594,-0.022094727,0.014953613
1411126812837049510,MPU6515 Accelerometer,-0.37998962,-0.22389221,9.768799
1411126812856367137,MPU6515 Accelerometer,-0.51805115,-0.23103333,9.990173
1411126812876081492,MPU6515 Accelerometer,-0.47758484,-0.22389221,9.911621
1411126812896131541,MPU6515 Accelerometer,-0.45378113,-0.21199036,9.597412
1411126812880506541,MPU6515 Gyroscope,0.017364502,-0.012908936,0.015014648
1411126812915479686,MPU6515 Accelerometer,-0.41093445,-0.26435852,9.783081
1411126812935194041,MPU6515 Accelerometer,-0.51805115,-0.27149963,9.925903
1411126812955244090,MPU6515 Accelerometer,-0.4156952,-0.2572174,9.8116455
1411126812947156932,MPU6515 Gyroscope,0.007385254,0.015197754,1.8310547E-4
1411126812974592235,MPU6515 Accelerometer,-0.47044373,-0.2167511,9.771179
1411126812994276073,MPU6515 Accelerometer,-0.49900818,-0.25245667,9.925903
1411126813014326121,MPU6515 Accelerometer,-0.40141296,-0.27864075,9.96875
1411126813033674266,MPU6515 Accelerometer,-0.47044373,-0.3310089,9.937805
1411126813013807323,MPU6515 Gyroscope,0.0040740967,0.022064209,0.007217407
1411126813053358104,MPU6515 Accelerometer,-0.5394745,-0.22389221,9.635498
